{"loss": [1.2509971327510154, 1.1220782286663322, 1.108810155235475, 0.9416337889181843, 0.8754491230673426, 0.8223637615834681, 0.6832931967867704, 0.991681257945699, 0.8413676517244062, 0.6551902591194173, 0.4836021905699374, 0.45407878472825713, 0.3269006479851169, 0.19626533222644824, 0.13181081316586404, 0.09499225389255768, 0.05125747530397127, 0.028601211523303003, 0.012408588205044806, 0.015824815412393414, 0.005706011324934952, 0.025451959048836858, 0.05777903490952992, 0.0301536390450369, 0.009281961337406067, 0.011145551873490145, 0.003722599661249266, 0.0013964323402497214, 0.001287397555683238, 0.00028916555509939584, 0.0016907471713033184, 0.002030351090683277, 0.009435635824671797, 0.0016368601744334895, 0.0009828723179591986, 0.0006401730088807372, 0.0004226264025138432, 0.0004837739551236472, 0.0003631117199100085, 0.0005343112321773017, 0.0002465365342844913, 0.0001334556537882284, 0.00030009389830267934, 8.884818015646265e-05, 0.00020542118136077978, 6.401457285505608e-05, 0.0003903502350609314, 7.369151525453675e-05, 0.00021038525163918128, 0.00038386607060379436, 0.00017322264673924232, 0.0004118356762425429, 0.0007338039785075344, 8.050428823622502e-05, 9.935859644072865e-05, 6.410505253220103e-05, 0.00010662245877993739, 0.00016862049355758602, 0.0004345953716771523, 0.0002772230978683945, 0.00012181069050850185, 9.655146672522617e-05, 6.37890236777733e-05, 9.58918068187145e-05, 0.00012078940910694019, 0.00012624808926754247, 3.298015740859247e-05, 6.447192316193387e-05, 8.130190816276392e-05, 6.746882716465491e-05, 2.2288422486907605e-05, 0.00022816151231977734, 0.0001455064645119145, 0.0001678944128752917, 7.541058400468451e-05, 9.832798135273453e-05, 4.639765045882745e-05, 6.492949297341941e-05, 0.0002535371249295685, 3.718925101180196e-05, 3.113504158384795e-05, 8.671348085018235e-05, 8.414735277261257e-05, 9.176880656995821e-05, 5.052706159781316e-05, 2.1620878409274656e-05, 0.00018706479761458923, 0.0003149874690460747, 6.019521416375608e-05, 7.006807741943043e-05, 9.075693060802265e-05, 5.405780614689977e-05, 0.00014371871759362415, 0.00012643225639971342, 3.23677013171241e-05, 7.143642610979083e-05, 6.453540567213602e-05, 6.731640631942313e-05, 0.0001510076013948716, 4.300633250599852e-05], "accuracy": [0.5241809672386896, 0.49921996879875197, 0.53198127925117, 0.609984399375975, 0.6489859594383776, 0.6942277691107644, 0.7878315132605305, 0.6365054602184087, 0.6942277691107644, 0.7597503900156006, 0.8736349453978159, 0.8923556942277691, 0.9157566302652106, 0.9438377535101404, 0.9594383775351014, 0.9797191887675507, 0.9875195007800313, 0.9921996879875195, 0.9984399375975039, 0.9968798751950078, 1.0, 0.9937597503900156, 0.9875195007800313, 0.9921996879875195, 1.0, 0.9953198127925117, 1.0, 1.0, 1.0, 1.0, 1.0, 1.0, 0.9984399375975039, 1.0, 1.0, 1.0, 1.0, 1.0, 1.0, 1.0, 1.0, 1.0, 1.0, 1.0, 1.0, 1.0, 1.0, 1.0, 1.0, 1.0, 1.0, 1.0, 1.0, 1.0, 1.0, 1.0, 1.0, 1.0, 1.0, 1.0, 1.0, 1.0, 1.0, 1.0, 1.0, 1.0, 1.0, 1.0, 1.0, 1.0, 1.0, 1.0, 1.0, 1.0, 1.0, 1.0, 1.0, 1.0, 1.0, 1.0, 1.0, 1.0, 1.0, 1.0, 1.0, 1.0, 1.0, 1.0, 1.0, 1.0, 1.0, 1.0, 1.0, 1.0, 1.0, 1.0, 1.0, 1.0, 1.0, 1.0]}