{"loss": [0.8890079722947524, 0.698638905415111, 0.7057371904809092, 0.7006551111916112, 0.6859863878412291, 0.671069495856483, 0.5918314356513775, 0.5404051352356228, 0.461446318025708, 0.39076389053868427, 0.3044288971180942, 0.26481122922227834, 0.2967081515818788, 0.20167548719694758, 0.14222866948839283], "accuracy": [0.5132605304212169, 0.5226209048361935, 0.5273010920436817, 0.5397815912636506, 0.5741029641185648, 0.5912636505460218, 0.6786271450858035, 0.7301092043681747, 0.7691107644305772, 0.8221528861154446, 0.8673946957878315, 0.8939157566302652, 0.8829953198127926, 0.9266770670826833, 0.9485179407176287]}