{"loss": [0.7153927284086535, 0.6269097849280535, 0.537365285579316, 0.38317959358592235, 0.28182788755365473, 0.24033289309033376, 0.1641566365243432, 0.08240019289140929, 0.04112243385494737, 0.023804948113100258, 0.029169200439965296, 0.022056318484915946, 0.0064221382807538715, 0.004315958024611875, 0.003436442998566938, 0.0020040158457039093, 0.002840588946999636, 0.0018921987412212986, 0.00088743429687329, 0.0006702939204559355, 0.0008806911482570504, 0.0004164605507175584, 0.0003599994315718395, 0.00023392789755430902, 0.0004965095622810078, 0.000238567588709345, 0.00021938026013427196, 0.00017435409972677007, 0.00010478294436738988, 0.0003528463352115373, 0.0004118640714012711, 0.0002159469862120689, 0.00023449849336947283, 0.0006679195741885641, 0.0001957822486131367, 0.0004702489913725657, 8.252384834699779e-05, 0.00017439510656641323, 0.00016860786397051913, 0.00011680404238945185, 0.00012339513061502264, 0.0002598063228852297, 9.674940938185354e-05, 0.00010354529508922115, 0.00013989455216638914, 0.00011197610184533555, 0.0003502616440266661, 8.148907036883032e-05, 0.0001568842827376369, 9.875066122137746e-05], "accuracy": [0.5344311377245509, 0.6811377245508982, 0.7050898203592815, 0.8158682634730539, 0.8817365269461078, 0.9086826347305389, 0.9431137724550899, 0.968562874251497, 0.9865269461077845, 0.9910179640718563, 0.9925149700598802, 0.9940119760479041, 1.0, 1.0, 0.9985029940119761, 1.0, 1.0, 1.0, 1.0, 1.0, 1.0, 1.0, 1.0, 1.0, 1.0, 1.0, 1.0, 1.0, 1.0, 1.0, 1.0, 1.0, 1.0, 1.0, 1.0, 1.0, 1.0, 1.0, 1.0, 1.0, 1.0, 1.0, 1.0, 1.0, 1.0, 1.0, 1.0, 1.0, 1.0, 1.0]}